what,kind,bundleId,bundleVersion,description,time
executed,command,org.eclipse.ui,3.6.2.M20110203-1100,"org.eclipse.ui.edit.copy",1325540859806
executed,command,org.eclipse.ui,3.6.2.M20110203-1100,"org.eclipse.ui.edit.paste",1325540860928
executed,command,org.eclipse.ui,3.6.2.M20110203-1100,"org.eclipse.ui.edit.paste",1325540863904
deactivated,workbench,org.eclipse.ui.workbench,3.6.2.M20110210-1200,"",1325540865515
opened,editor,org.eclipse.jdt.ui,3.6.2.r362_v20110203,"org.eclipse.jdt.ui.CompilationUnitEditor",1325540869272
activated,editor,org.eclipse.jdt.ui,3.6.2.r362_v20110203,"org.eclipse.jdt.ui.CompilationUnitEditor",1325540869370
activated,workbench,org.eclipse.ui.workbench,3.6.2.M20110210-1200,"",1325540869429
activated,view,org.eclipse.jdt.ui,3.6.2.r362_v20110203,"org.eclipse.jdt.ui.PackageExplorer",1325540871631
started,bundle,org.eclipse.compare,3.5.101.R36x_v20100929-0800,"org.eclipse.compare",1325540871932
started,bundle,org.eclipse.ecf.presence,2.0.0.v20100913-1814,"org.eclipse.ecf.presence",1325540872058
started,bundle,org.eclipse.ecf.presence.ui,2.1.0.v20100913-1814,"org.eclipse.ecf.presence.ui",1325540872059
started,bundle,org.eclipse.team.ecf.core,1.0.0.v20100913-1814,"org.eclipse.team.ecf.core",1325540872060
started,bundle,org.eclipse.team.ecf.ui,1.0.0.v20100913-1814,"org.eclipse.team.ecf.ui",1325540872061
started,bundle,org.eclipse.ecf.identity,3.1.0.v20100906-1425,"org.eclipse.ecf.identity",1325540872086
started,bundle,org.eclipse.ecf.provider,3.0.0.v20100913-1814,"org.eclipse.ecf.provider",1325540872092
started,bundle,org.eclipse.ecf.sharedobject,2.2.100.v20100913-1814,"org.eclipse.ecf.sharedobject",1325540872096
started,bundle,org.eclipse.ecf.provider.bittorrent,0.3.100.v20100913-1814,"org.eclipse.ecf.provider.bittorrent",1325540872098
started,bundle,org.eclipse.ecf.discovery,3.0.0.v20100913-1814,"org.eclipse.ecf.discovery",1325540872101
started,bundle,org.eclipse.ecf.provider.discovery,2.1.100.v20100913-1814,"org.eclipse.ecf.provider.discovery",1325540872103
started,bundle,org.eclipse.ecf.provider.irc,1.3.0.v20100913-1814,"org.eclipse.ecf.provider.irc",1325540872106
started,bundle,org.eclipse.ecf.provider.jmdns,4.0.0.v20100913-1814,"org.eclipse.ecf.provider.jmdns",1325540872109
started,bundle,ch.ethz.iks.slp,1.1.0.v20100913-1814,"ch.ethz.iks.slp",1325540872130
started,bundle,org.eclipse.ecf.provider.jslp,3.0.0.v20100913-1814,"org.eclipse.ecf.provider.jslp",1325540872132
started,bundle,org.eclipse.ecf.provider.msn,1.2.0.v20100913-1814,"org.eclipse.ecf.provider.msn",1325540872134
started,bundle,ch.ethz.iks.r_osgi.remote,1.0.0.RC4_v20100913-1814,"ch.ethz.iks.r_osgi.remote",1325540872157
started,bundle,org.eclipse.ecf.provider.r_osgi,3.1.0.v20100913-1814,"org.eclipse.ecf.provider.r_osgi",1325540872159
started,bundle,org.eclipse.ecf.provider.xmpp,3.1.100.v20100913-1814,"org.eclipse.ecf.provider.xmpp",1325540872161
started,bundle,org.eclipse.equinox.concurrent,1.0.200.v20110502,"org.eclipse.equinox.concurrent",1325540872167
started,bundle,org.eclipse.ecf.filetransfer,4.0.0.v20100906-1425,"org.eclipse.ecf.filetransfer",1325540872188
started,bundle,org.eclipse.ecf.provider.filetransfer.httpclient,4.0.0.v20100906-1425,"org.eclipse.ecf.provider.filetransfer.httpclient",1325540872193
started,bundle,org.eclipse.ecf.provider.filetransfer.efs,1.5.0.v20100913-1814,"org.eclipse.ecf.provider.filetransfer.efs",1325540872196
started,bundle,org.eclipse.ecf.provider.filetransfer.scp,2.0.0.v20100913-1814,"org.eclipse.ecf.provider.filetransfer.scp",1325540872198
started,bundle,org.eclipse.ecf.provider.filetransfer,3.1.0.v20100906-1425,"org.eclipse.ecf.provider.filetransfer",1325540872202
started,bundle,org.eclipse.ecf.provider.remoteservice,3.3.200.v20100913-1814,"org.eclipse.ecf.provider.remoteservice",1325540872208
started,bundle,org.eclipse.ecf.remoteservice.rest,2.0.0.v20100913-1814,"org.eclipse.ecf.remoteservice.rest",1325540872211
started,bundle,org.eclipse.ecf.provider.zookeeper,1.0.0.v20100913-1814,"org.eclipse.ecf.provider.zookeeper",1325540872216
started,bundle,org.eclipse.ecf.storage,2.0.0.v20100913-1814,"org.eclipse.ecf.storage",1325540872221
started,bundle,org.eclipse.ecf.docshare,2.1.0.v20100913-1814,"org.eclipse.ecf.docshare",1325540872224
started,bundle,org.eclipse.ecf.presence.collab.ui,1.3.0.v20100913-1814,"org.eclipse.ecf.presence.collab.ui",1325540872227
started,bundle,org.eclipse.ecf,3.1.0.v20100906-1425,"org.eclipse.ecf",1325540872231
deactivated,workbench,org.eclipse.ui.workbench,3.6.2.M20110210-1200,"",1325540873780
activated,workbench,org.eclipse.ui.workbench,3.6.2.M20110210-1200,"",1325540879519
deactivated,workbench,org.eclipse.ui.workbench,3.6.2.M20110210-1200,"",1325540882006
activated,workbench,org.eclipse.ui.workbench,3.6.2.M20110210-1200,"",1325540883268
deactivated,workbench,org.eclipse.ui.workbench,3.6.2.M20110210-1200,"",1325540883618
started,bundle,org.eclipse.jst.jsp.ui,1.1.500.v201006030742,"org.eclipse.jst.jsp.ui",1325540885126
started,bundle,org.eclipse.jst.jsp.core,1.2.301.v201007070628,"org.eclipse.jst.jsp.core",1325540885202
activated,workbench,org.eclipse.ui.workbench,3.6.2.M20110210-1200,"",1325540885447
activated,editor,org.eclipse.jdt.ui,3.6.2.r362_v20110203,"org.eclipse.jdt.ui.CompilationUnitEditor",1325540887189
activated,view,org.eclipse.jdt.ui,3.6.2.r362_v20110203,"org.eclipse.jdt.ui.PackageExplorer",1325540891862
activated,editor,org.eclipse.pde.ui,3.6.1.v20110210_r362,"org.eclipse.pde.ui.manifestEditor",1325540892015
executed,command,org.eclipse.ui,3.6.2.M20110203-1100,"org.eclipse.ui.edit.copy",1325540907870
executed,command,org.eclipse.ui,3.6.2.M20110203-1100,"org.eclipse.ui.edit.paste",1325540908815
executed,command,org.eclipse.ui,3.6.2.M20110203-1100,"org.eclipse.ui.edit.paste",1325540912928
deactivated,workbench,org.eclipse.ui.workbench,3.6.2.M20110210-1200,"",1325540914370
opened,editor,org.eclipse.jdt.ui,3.6.2.r362_v20110203,"org.eclipse.jdt.ui.CompilationUnitEditor",1325540923314
activated,editor,org.eclipse.jdt.ui,3.6.2.r362_v20110203,"org.eclipse.jdt.ui.CompilationUnitEditor",1325540923390
activated,workbench,org.eclipse.ui.workbench,3.6.2.M20110210-1200,"",1325540923458
activated,view,org.eclipse.jdt.ui,3.6.2.r362_v20110203,"org.eclipse.jdt.ui.PackageExplorer",1325540926468
activated,editor,org.eclipse.pde.ui,3.6.1.v20110210_r362,"org.eclipse.pde.ui.manifestEditor",1325540926606
deactivated,workbench,org.eclipse.ui.workbench,3.6.2.M20110210-1200,"",1325540932799
opened,editor,org.eclipse.jdt.ui,3.6.2.r362_v20110203,"org.eclipse.jdt.ui.CompilationUnitEditor",1325540944017
activated,editor,org.eclipse.jdt.ui,3.6.2.r362_v20110203,"org.eclipse.jdt.ui.CompilationUnitEditor",1325540944081
activated,workbench,org.eclipse.ui.workbench,3.6.2.M20110210-1200,"",1325540944139
activated,view,org.eclipse.jdt.ui,3.6.2.r362_v20110203,"org.eclipse.jdt.ui.PackageExplorer",1325540946828
activated,editor,org.eclipse.pde.ui,3.6.1.v20110210_r362,"org.eclipse.pde.ui.manifestEditor",1325540946984
deactivated,workbench,org.eclipse.ui.workbench,3.6.2.M20110210-1200,"",1325540956307
activated,workbench,org.eclipse.ui.workbench,3.6.2.M20110210-1200,"",1325540957675
activated,editor,org.eclipse.jdt.ui,3.6.2.r362_v20110203,"org.eclipse.jdt.ui.CompilationUnitEditor",1325540957817
closed,editor,org.eclipse.pde.ui,3.6.1.v20110210_r362,"org.eclipse.pde.ui.manifestEditor",1325540957817
activated,view,org.eclipse.jdt.ui,3.6.2.r362_v20110203,"org.eclipse.jdt.ui.PackageExplorer",1325540959538
activated,editor,org.eclipse.jdt.ui,3.6.2.r362_v20110203,"org.eclipse.jdt.ui.CompilationUnitEditor",1325540959667
deactivated,workbench,org.eclipse.ui.workbench,3.6.2.M20110210-1200,"",1325540964137
opened,editor,org.eclipse.jdt.ui,3.6.2.r362_v20110203,"org.eclipse.jdt.ui.CompilationUnitEditor",1325540973094
activated,workbench,org.eclipse.ui.workbench,3.6.2.M20110210-1200,"",1325540973157
activated,editor,org.eclipse.jdt.ui,3.6.2.r362_v20110203,"org.eclipse.jdt.ui.CompilationUnitEditor",1325540973169
started,bundle,org.eclipse.ecf.ui,2.1.0.v20100913-1814,"org.eclipse.ecf.ui",1325540980607
started,bundle,org.eclipse.ecf.example.collab,2.0.0.v20100913-1814,"org.eclipse.ecf.example.collab",1325540980609
started,bundle,org.eclipse.ecf.filetransfer.ui,1.5.0.v20100913-1814,"org.eclipse.ecf.filetransfer.ui",1325540980613
started,bundle,org.eclipse.ecf.provider.bittorrent.ui,0.2.0.v20100913-1814,"org.eclipse.ecf.provider.bittorrent.ui",1325540980615
started,bundle,org.eclipse.ecf.provider.irc.ui,1.3.0.v20100913-1814,"org.eclipse.ecf.provider.irc.ui",1325540980616
started,bundle,org.eclipse.ecf.provider.msn.ui,1.3.0.v20100913-1814,"org.eclipse.ecf.provider.msn.ui",1325540980618
started,bundle,org.eclipse.ecf.provider.xmpp.ui,2.1.0.v20100913-1814,"org.eclipse.ecf.provider.xmpp.ui",1325540980619
started,bundle,org.eclipse.mylyn.java.tasks,3.6.0.v20110608-1400,"org.eclipse.mylyn.java.tasks",1325540980622
executed,command,org.eclipse.ui,3.6.2.M20110203-1100,"org.eclipse.ui.edit.copy",1325540980913
activated,editor,org.eclipse.jdt.ui,3.6.2.r362_v20110203,"org.eclipse.jdt.ui.CompilationUnitEditor",1325540982280
activated,editor,org.eclipse.jdt.ui,3.6.2.r362_v20110203,"org.eclipse.jdt.ui.CompilationUnitEditor",1325540982893
closed,editor,org.eclipse.jdt.ui,3.6.2.r362_v20110203,"org.eclipse.jdt.ui.CompilationUnitEditor",1325540982893
activated,editor,org.eclipse.jdt.ui,3.6.2.r362_v20110203,"org.eclipse.jdt.ui.CompilationUnitEditor",1325540983437
activated,editor,org.eclipse.jdt.ui,3.6.2.r362_v20110203,"org.eclipse.jdt.ui.CompilationUnitEditor",1325540984006
closed,editor,org.eclipse.jdt.ui,3.6.2.r362_v20110203,"org.eclipse.jdt.ui.CompilationUnitEditor",1325540984006
activated,editor,org.eclipse.jdt.ui,3.6.2.r362_v20110203,"org.eclipse.jdt.ui.CompilationUnitEditor",1325540984435
activated,editor,org.eclipse.jdt.ui,3.6.2.r362_v20110203,"org.eclipse.jdt.ui.CompilationUnitEditor",1325540984936
closed,editor,org.eclipse.jdt.ui,3.6.2.r362_v20110203,"org.eclipse.jdt.ui.CompilationUnitEditor",1325540984936
activated,editor,org.eclipse.jdt.ui,3.6.2.r362_v20110203,"org.eclipse.jdt.ui.CompilationUnitEditor",1325540985540
activated,editor,org.eclipse.jdt.ui,3.6.2.r362_v20110203,"org.eclipse.jdt.ui.CompilationUnitEditor",1325540991466
closed,editor,org.eclipse.jdt.ui,3.6.2.r362_v20110203,"org.eclipse.jdt.ui.CompilationUnitEditor",1325540991466
activated,view,org.eclipse.jdt.ui,3.6.2.r362_v20110203,"org.eclipse.jdt.ui.PackageExplorer",1325540992532
opened,editor,org.eclipse.jdt.ui,3.6.2.r362_v20110203,"org.eclipse.jdt.ui.CompilationUnitEditor",1325540995551
activated,editor,org.eclipse.jdt.ui,3.6.2.r362_v20110203,"org.eclipse.jdt.ui.CompilationUnitEditor",1325540995620
activated,editor,org.eclipse.jdt.ui,3.6.2.r362_v20110203,"org.eclipse.jdt.ui.CompilationUnitEditor",1325540997709
closed,editor,org.eclipse.jdt.ui,3.6.2.r362_v20110203,"org.eclipse.jdt.ui.CompilationUnitEditor",1325540997709
activated,view,org.eclipse.jdt.ui,3.6.2.r362_v20110203,"org.eclipse.jdt.ui.PackageExplorer",1325540998336
opened,editor,org.eclipse.jdt.ui,3.6.2.r362_v20110203,"org.eclipse.jdt.ui.CompilationUnitEditor",1325540998553
activated,editor,org.eclipse.jdt.ui,3.6.2.r362_v20110203,"org.eclipse.jdt.ui.CompilationUnitEditor",1325540998618
activated,editor,org.eclipse.jdt.ui,3.6.2.r362_v20110203,"org.eclipse.jdt.ui.CompilationUnitEditor",1325541001941
closed,editor,org.eclipse.jdt.ui,3.6.2.r362_v20110203,"org.eclipse.jdt.ui.CompilationUnitEditor",1325541001942
activated,view,org.eclipse.jdt.ui,3.6.2.r362_v20110203,"org.eclipse.jdt.ui.PackageExplorer",1325541002660
opened,editor,org.eclipse.jdt.ui,3.6.2.r362_v20110203,"org.eclipse.jdt.ui.CompilationUnitEditor",1325541002959
activated,editor,org.eclipse.jdt.ui,3.6.2.r362_v20110203,"org.eclipse.jdt.ui.CompilationUnitEditor",1325541003029
executed,command,org.eclipse.ui,3.6.2.M20110203-1100,"org.eclipse.ui.edit.paste",1325541005990
activated,editor,org.eclipse.jdt.ui,3.6.2.r362_v20110203,"org.eclipse.jdt.ui.CompilationUnitEditor",1325541007861
executed,command,org.eclipse.ui,3.6.2.M20110203-1100,"org.eclipse.ui.edit.copy",1325541011567
activated,editor,org.eclipse.jdt.ui,3.6.2.r362_v20110203,"org.eclipse.jdt.ui.CompilationUnitEditor",1325541012203
executed,command,org.eclipse.ui,3.6.2.M20110203-1100,"org.eclipse.ui.edit.paste",1325541015046
activated,editor,org.eclipse.jdt.ui,3.6.2.r362_v20110203,"org.eclipse.jdt.ui.CompilationUnitEditor",1325541016027
executed,command,org.eclipse.ui,3.6.2.M20110203-1100,"org.eclipse.ui.edit.copy",1325541022409
activated,editor,org.eclipse.jdt.ui,3.6.2.r362_v20110203,"org.eclipse.jdt.ui.CompilationUnitEditor",1325541022973
executed,command,org.eclipse.ui,3.6.2.M20110203-1100,"org.eclipse.ui.edit.paste",1325541028143
executed,command,,,"AUTOGEN:::org.eclipse.jdt.internal.ui.CompilationUnitEditor.ruler.actions/org.eclipse.jdt.internal.ui.javaeditor.JavaSelectRulerAction",1325541032488
activated,editor,org.eclipse.jdt.ui,3.6.2.r362_v20110203,"org.eclipse.jdt.ui.CompilationUnitEditor",1325541034857
executed,command,org.eclipse.ui,3.6.2.M20110203-1100,"org.eclipse.ui.edit.copy",1325541040257
activated,editor,org.eclipse.jdt.ui,3.6.2.r362_v20110203,"org.eclipse.jdt.ui.CompilationUnitEditor",1325541040930
executed,command,org.eclipse.ui,3.6.2.M20110203-1100,"org.eclipse.ui.edit.paste",1325541043565
activated,editor,org.eclipse.jdt.ui,3.6.2.r362_v20110203,"org.eclipse.jdt.ui.CompilationUnitEditor",1325541045776
executed,command,org.eclipse.ui,3.6.2.M20110203-1100,"org.eclipse.ui.edit.copy",1325541049199
activated,editor,org.eclipse.jdt.ui,3.6.2.r362_v20110203,"org.eclipse.jdt.ui.CompilationUnitEditor",1325541049967
executed,command,org.eclipse.ui,3.6.2.M20110203-1100,"org.eclipse.ui.edit.paste",1325541051924
executed,command,org.eclipse.ui,3.6.2.M20110203-1100,"org.eclipse.ui.file.saveAll",1325541054369
started,bundle,org.eclipse.wst.server.core,1.1.203.v20100714,"org.eclipse.wst.server.core",1325541054830
started,bundle,org.eclipse.wst.server.ui,1.1.204.v20100712b,"org.eclipse.wst.server.ui",1325541054843
started,bundle,org.eclipse.cdt.debug.core,7.0.0.201102110609,"org.eclipse.cdt.debug.core",1325541054931
started,bundle,org.eclipse.cdt.debug.ui,7.0.0.201102110609,"org.eclipse.cdt.debug.ui",1325541054938
started,bundle,org.eclipse.jst.server.core,1.2.101.v20100421,"org.eclipse.jst.server.core",1325541054972
started,bundle,org.eclipse.jst.jee,1.0.301.v201007151900,"org.eclipse.jst.jee",1325541054978
started,bundle,org.eclipse.rap.ui.launch,1.3.2.20110216-1041,"org.eclipse.rap.ui.launch",1325541054988
activated,editor,org.eclipse.jdt.ui,3.6.2.r362_v20110203,"org.eclipse.jdt.ui.CompilationUnitEditor",1325541055345
activated,editor,org.eclipse.jdt.ui,3.6.2.r362_v20110203,"org.eclipse.jdt.ui.CompilationUnitEditor",1325541055969
closed,editor,org.eclipse.jdt.ui,3.6.2.r362_v20110203,"org.eclipse.jdt.ui.CompilationUnitEditor",1325541055970
activated,view,org.eclipse.jdt.ui,3.6.2.r362_v20110203,"org.eclipse.jdt.ui.PackageExplorer",1325541061332
opened,editor,org.eclipse.jdt.ui,3.6.2.r362_v20110203,"org.eclipse.jdt.ui.CompilationUnitEditor",1325541061494
activated,editor,org.eclipse.jdt.ui,3.6.2.r362_v20110203,"org.eclipse.jdt.ui.CompilationUnitEditor",1325541061558
deactivated,workbench,org.eclipse.ui.workbench,3.6.2.M20110210-1200,"",1325541065194
opened,editor,org.eclipse.jdt.ui,3.6.2.r362_v20110203,"org.eclipse.jdt.ui.CompilationUnitEditor",1325541067593
activated,workbench,org.eclipse.ui.workbench,3.6.2.M20110210-1200,"",1325541067643
activated,editor,org.eclipse.jdt.ui,3.6.2.r362_v20110203,"org.eclipse.jdt.ui.CompilationUnitEditor",1325541067653
executed,command,org.eclipse.ui,3.6.2.M20110203-1100,"org.eclipse.ui.edit.copy",1325541072472
activated,editor,org.eclipse.jdt.ui,3.6.2.r362_v20110203,"org.eclipse.jdt.ui.CompilationUnitEditor",1325541074244
executed,command,org.eclipse.ui,3.6.2.M20110203-1100,"org.eclipse.ui.edit.paste",1325541075966
executed,command,,,"AUTOGEN:::org.eclipse.jdt.internal.ui.CompilationUnitEditor.ruler.actions/org.eclipse.jdt.internal.ui.javaeditor.JavaSelectRulerAction",1325541078788
deactivated,workbench,org.eclipse.ui.workbench,3.6.2.M20110210-1200,"",1325541080225
activated,workbench,org.eclipse.ui.workbench,3.6.2.M20110210-1200,"",1325541080353
executed,command,org.eclipse.jdt.ui,3.6.2.r362_v20110203,"org.eclipse.jdt.ui.edit.text.java.rename.element",1325541088022
executed,command,org.eclipse.ui,3.6.2.M20110203-1100,"org.eclipse.ui.file.saveAll",1325541096762
activated,view,org.eclipse.jdt.ui,3.6.2.r362_v20110203,"org.eclipse.jdt.ui.PackageExplorer",1325541097892
opened,editor,org.eclipse.jdt.ui,3.6.2.r362_v20110203,"org.eclipse.jdt.ui.CompilationUnitEditor",1325541098068
activated,editor,org.eclipse.jdt.ui,3.6.2.r362_v20110203,"org.eclipse.jdt.ui.CompilationUnitEditor",1325541098185
deactivated,workbench,org.eclipse.ui.workbench,3.6.2.M20110210-1200,"",1325541101058
activated,workbench,org.eclipse.ui.workbench,3.6.2.M20110210-1200,"",1325541102846
activated,editor,org.eclipse.jdt.ui,3.6.2.r362_v20110203,"org.eclipse.jdt.ui.CompilationUnitEditor",1325541104081
activated,editor,org.eclipse.jdt.ui,3.6.2.r362_v20110203,"org.eclipse.jdt.ui.CompilationUnitEditor",1325541105250
closed,editor,org.eclipse.jdt.ui,3.6.2.r362_v20110203,"org.eclipse.jdt.ui.CompilationUnitEditor",1325541105250
deactivated,workbench,org.eclipse.ui.workbench,3.6.2.M20110210-1200,"",1325541107587
opened,editor,org.eclipse.jdt.ui,3.6.2.r362_v20110203,"org.eclipse.jdt.ui.CompilationUnitEditor",1325541108872
activated,workbench,org.eclipse.ui.workbench,3.6.2.M20110210-1200,"",1325541108922
activated,editor,org.eclipse.jdt.ui,3.6.2.r362_v20110203,"org.eclipse.jdt.ui.CompilationUnitEditor",1325541108931
started,bundle,org.eclipse.ant.ui,3.5.0.v20100427,"org.eclipse.ant.ui",1325541110039
executed,command,org.eclipse.ui,3.6.2.M20110203-1100,"org.eclipse.ui.edit.copy",1325541115776
activated,editor,org.eclipse.jdt.ui,3.6.2.r362_v20110203,"org.eclipse.jdt.ui.CompilationUnitEditor",1325541117420
executed,command,org.eclipse.ui,3.6.2.M20110203-1100,"org.eclipse.ui.edit.paste",1325541119921
executed,command,org.eclipse.ui,3.6.2.M20110203-1100,"org.eclipse.ui.edit.copy",1325541122559
executed,command,org.eclipse.ui,3.6.2.M20110203-1100,"org.eclipse.ui.edit.paste",1325541123774
executed,command,,,"AUTOGEN:::org.eclipse.jdt.internal.ui.CompilationUnitEditor.ruler.actions/org.eclipse.jdt.internal.ui.javaeditor.JavaSelectRulerAction",1325541127927
deactivated,workbench,org.eclipse.ui.workbench,3.6.2.M20110210-1200,"",1325541132528
activated,workbench,org.eclipse.ui.workbench,3.6.2.M20110210-1200,"",1325541132655
executed,command,,,"AUTOGEN:::org.eclipse.jdt.internal.ui.CompilationUnitEditor.ruler.actions/org.eclipse.jdt.internal.ui.javaeditor.JavaSelectRulerAction",1325541134746
activated,editor,org.eclipse.jdt.ui,3.6.2.r362_v20110203,"org.eclipse.jdt.ui.CompilationUnitEditor",1325541141105
executed,command,org.eclipse.ui,3.6.2.M20110203-1100,"org.eclipse.ui.edit.copy",1325541144255
activated,editor,org.eclipse.jdt.ui,3.6.2.r362_v20110203,"org.eclipse.jdt.ui.CompilationUnitEditor",1325541144834
activated,editor,org.eclipse.jdt.ui,3.6.2.r362_v20110203,"org.eclipse.jdt.ui.CompilationUnitEditor",1325541147018
executed,command,org.eclipse.ui,3.6.2.M20110203-1100,"org.eclipse.ui.edit.paste",1325541149692
deactivated,workbench,org.eclipse.ui.workbench,3.6.2.M20110210-1200,"",1325541152225
activated,workbench,org.eclipse.ui.workbench,3.6.2.M20110210-1200,"",1325541152567
started,bundle,org.eclipse.help.base,3.5.3.v201102101200,"org.eclipse.help.base",1325541153515
started,bundle,org.eclipse.help.ui,3.5.3.r36_20101116,"org.eclipse.help.ui",1325541153523
started,bundle,org.eclipse.equinox.http.jetty,2.0.0.v20100503,"org.eclipse.equinox.http.jetty",1325541153546
started,bundle,org.eclipse.equinox.http.servlet,1.1.0.v20100503,"org.eclipse.equinox.http.servlet",1325541153568
started,bundle,org.eclipse.equinox.http.registry,1.1.1.R36x_v20101103,"org.eclipse.equinox.http.registry",1325541153644
deactivated,workbench,org.eclipse.ui.workbench,3.6.2.M20110210-1200,"",1325541157080
activated,workbench,org.eclipse.ui.workbench,3.6.2.M20110210-1200,"",1325541157166
executed,command,org.eclipse.ui,3.6.2.M20110203-1100,"org.eclipse.ui.file.saveAll",1325541158213
executed,command,org.eclipse.ui,3.6.2.M20110203-1100,"org.eclipse.ui.file.saveAll",1325541166388
activated,editor,org.eclipse.jdt.ui,3.6.2.r362_v20110203,"org.eclipse.jdt.ui.CompilationUnitEditor",1325541168809
deactivated,workbench,org.eclipse.ui.workbench,3.6.2.M20110210-1200,"",1325541173656
activated,workbench,org.eclipse.ui.workbench,3.6.2.M20110210-1200,"",1325541173748
deactivated,workbench,org.eclipse.ui.workbench,3.6.2.M20110210-1200,"",1325541176104
activated,workbench,org.eclipse.ui.workbench,3.6.2.M20110210-1200,"",1325541176181
executed,command,org.eclipse.ui,3.6.2.M20110203-1100,"org.eclipse.ui.file.saveAll",1325541177529
activated,editor,org.eclipse.jdt.ui,3.6.2.r362_v20110203,"org.eclipse.jdt.ui.CompilationUnitEditor",1325541182965
activated,editor,org.eclipse.jdt.ui,3.6.2.r362_v20110203,"org.eclipse.jdt.ui.CompilationUnitEditor",1325541183778
closed,editor,org.eclipse.jdt.ui,3.6.2.r362_v20110203,"org.eclipse.jdt.ui.CompilationUnitEditor",1325541183778
activated,view,org.eclipse.jdt.ui,3.6.2.r362_v20110203,"org.eclipse.jdt.ui.PackageExplorer",1325541185147
opened,editor,org.eclipse.jdt.ui,3.6.2.r362_v20110203,"org.eclipse.jdt.ui.CompilationUnitEditor",1325541185311
activated,editor,org.eclipse.jdt.ui,3.6.2.r362_v20110203,"org.eclipse.jdt.ui.CompilationUnitEditor",1325541185379
deactivated,workbench,org.eclipse.ui.workbench,3.6.2.M20110210-1200,"",1325541187329
opened,editor,org.eclipse.jdt.ui,3.6.2.r362_v20110203,"org.eclipse.jdt.ui.CompilationUnitEditor",1325541188663
activated,workbench,org.eclipse.ui.workbench,3.6.2.M20110210-1200,"",1325541188717
activated,editor,org.eclipse.jdt.ui,3.6.2.r362_v20110203,"org.eclipse.jdt.ui.CompilationUnitEditor",1325541188727
executed,command,org.eclipse.ui,3.6.2.M20110203-1100,"org.eclipse.ui.edit.copy",1325541195360
activated,editor,org.eclipse.jdt.ui,3.6.2.r362_v20110203,"org.eclipse.jdt.ui.CompilationUnitEditor",1325541196366
executed,command,org.eclipse.ui,3.6.2.M20110203-1100,"org.eclipse.ui.edit.paste",1325541198459
executed,command,org.eclipse.ui,3.6.2.M20110203-1100,"org.eclipse.ui.edit.copy",1325541201151
executed,command,org.eclipse.ui,3.6.2.M20110203-1100,"org.eclipse.ui.edit.paste",1325541202245
activated,editor,org.eclipse.jdt.ui,3.6.2.r362_v20110203,"org.eclipse.jdt.ui.CompilationUnitEditor",1325541204586
executed,command,org.eclipse.ui,3.6.2.M20110203-1100,"org.eclipse.ui.edit.copy",1325541207687
activated,editor,org.eclipse.jdt.ui,3.6.2.r362_v20110203,"org.eclipse.jdt.ui.CompilationUnitEditor",1325541208514
executed,command,org.eclipse.ui,3.6.2.M20110203-1100,"org.eclipse.ui.edit.paste",1325541213004
deactivated,workbench,org.eclipse.ui.workbench,3.6.2.M20110210-1200,"",1325541216936
activated,workbench,org.eclipse.ui.workbench,3.6.2.M20110210-1200,"",1325541217034
deactivated,workbench,org.eclipse.ui.workbench,3.6.2.M20110210-1200,"",1325541220504
activated,workbench,org.eclipse.ui.workbench,3.6.2.M20110210-1200,"",1325541220586
deactivated,workbench,org.eclipse.ui.workbench,3.6.2.M20110210-1200,"",1325541222631
activated,workbench,org.eclipse.ui.workbench,3.6.2.M20110210-1200,"",1325541222731
executed,command,org.eclipse.ui,3.6.2.M20110203-1100,"org.eclipse.ui.file.saveAll",1325541224326
executed,command,org.eclipse.ui,3.6.2.M20110203-1100,"org.eclipse.ui.file.saveAll",1325541230546
activated,editor,org.eclipse.jdt.ui,3.6.2.r362_v20110203,"org.eclipse.jdt.ui.CompilationUnitEditor",1325541231282
executed,command,org.eclipse.ui,3.6.2.M20110203-1100,"org.eclipse.ui.file.saveAll",1325541238516
activated,view,org.eclipse.jdt.ui,3.6.2.r362_v20110203,"org.eclipse.jdt.ui.PackageExplorer",1325541242739
opened,editor,org.eclipse.pde.ui,3.6.1.v20110210_r362,"org.eclipse.pde.ui.manifestEditor",1325541244651
activated,editor,org.eclipse.pde.ui,3.6.1.v20110210_r362,"org.eclipse.pde.ui.manifestEditor",1325541244732
deactivated,workbench,org.eclipse.ui.workbench,3.6.2.M20110210-1200,"",1325541247815
activated,workbench,org.eclipse.ui.workbench,3.6.2.M20110210-1200,"",1325541444693
activated,editor,org.eclipse.jdt.ui,3.6.2.r362_v20110203,"org.eclipse.jdt.ui.CompilationUnitEditor",1325541446358
closed,editor,org.eclipse.pde.ui,3.6.1.v20110210_r362,"org.eclipse.pde.ui.manifestEditor",1325541446358
executed,command,org.eclipse.ui,3.6.2.M20110203-1100,"org.eclipse.ui.file.saveAll",1325541465200
activated,view,org.eclipse.jdt.ui,3.6.2.r362_v20110203,"org.eclipse.jdt.ui.PackageExplorer",1325541466078
deactivated,workbench,org.eclipse.ui.workbench,3.6.2.M20110210-1200,"",1325541470126
activated,workbench,org.eclipse.ui.workbench,3.6.2.M20110210-1200,"",1325541473428
deactivated,workbench,org.eclipse.ui.workbench,3.6.2.M20110210-1200,"",1325541478402
activated,workbench,org.eclipse.ui.workbench,3.6.2.M20110210-1200,"",1325541479608
opened,editor,org.eclipse.jdt.ui,3.6.2.r362_v20110203,"org.eclipse.jdt.ui.CompilationUnitEditor",1325541482670
activated,editor,org.eclipse.jdt.ui,3.6.2.r362_v20110203,"org.eclipse.jdt.ui.CompilationUnitEditor",1325541482746
executed,command,org.eclipse.ui,3.6.2.M20110203-1100,"org.eclipse.ui.file.saveAll",1325541486231
activated,view,org.eclipse.jdt.ui,3.6.2.r362_v20110203,"org.eclipse.jdt.ui.PackageExplorer",1325541487675
opened,editor,org.eclipse.jdt.ui,3.6.2.r362_v20110203,"org.eclipse.jdt.ui.CompilationUnitEditor",1325541487965
activated,editor,org.eclipse.jdt.ui,3.6.2.r362_v20110203,"org.eclipse.jdt.ui.CompilationUnitEditor",1325541488044
executed,command,org.eclipse.ui,3.6.2.M20110203-1100,"org.eclipse.ui.file.saveAll",1325541491996
activated,view,org.eclipse.jdt.ui,3.6.2.r362_v20110203,"org.eclipse.jdt.ui.PackageExplorer",1325541492950
opened,editor,org.eclipse.jdt.ui,3.6.2.r362_v20110203,"org.eclipse.jdt.ui.CompilationUnitEditor",1325541493111
activated,editor,org.eclipse.jdt.ui,3.6.2.r362_v20110203,"org.eclipse.jdt.ui.CompilationUnitEditor",1325541493192
